"polygon_id","seq_no","receiver_name","receiver_inn","facility_address","facility_coordinates","region","phone","email","kip_number","fkko_code"
"POLY_001","1","ООО ""А-Комплект""","7731420155","г. Москва, Новоподрезково, деревня Верескино - река
Сходня","55.929447 37.352625","Москва","8 (903) 162 62 81","akomplekt2021@mail.ru","62","82202112495;81110001495;81111112495;81910001495;82220101215;82419111205;82230101215;82151111405"
"POLY_002","2","ООО ""Алекс-спец""","5043042727","г. Москва, поселение Краснопахорское, с. Былово,
50:27:0020118:221","55.444953 37.257875","Москва","8 (967) 215 13 55","aleks.spets@bk.ru","63","81111221405;81220101205;82451111205;81910003215;82230101215;82310101215;82110101215;81113111205;82421111205;82151111405;
82210101215;84921112205;82320101215;82419111205;82913111205;81111112495;81112312395;83010001715;89001111725;81910001495;
82202112495;82121111205;82220101215;81110001495"
"POLY_003","3","ООО ""Алекс Строй""","5044063046","Московская область, ГП ОПХ ЦМИС","56.12474 36.982053","Московская
область","8 (926) 459 29 89","alexctroy@bk.ru","195","15211001215;15211002215;15211003235;15211004215;15411001215;40414000515;40419000515;45720102205;45911001515;45911099515;
81110001495;81111112495;81113111205;81220101205;81910001495;81910003215;82110101215;82202112495;82210101215;82220101215;
82230101215;82310101215;82320101215;82913111205;83010001715"
"POLY_004","4","ООО ""Алмаз""","7743946070","0,2 км восточнее д. Шемякино, Солнечногорского
муниципального района Московской области","55.999153 37.376237","Московская
область","8 (958) 638 82 58","almaz@almazcorp.ru","77","81110001495;81111112495"
"POLY_005","5","ООО ""Альфа""","504215576","141100, Московская область, г.о. Щелково, п. Литвиново","56.017924 38.14671","Московская
область","8 (926) 563 80 86","sunnyy@list.ru","126","15211001215;15411001215;40414000515;45911099515;81110001495;81111112495;81111221405;81112312395;81113111205;81220101205;
81910001495;81910003215;82110101215;82210101215;82151111405;82202112495;82220101215;82230101215;82310101215;82320101215;
82419111205;82421111205;82451111205;82913111205;83010001715;84921112205;84121112525"
"POLY_006","6","ООО ""Аметист""","7734127846","Московская область, Раменский район, сельское
поселение Чулковское, земельные участки с
кадастровыми номерами: 50:23:0040330:36;
50:23:0040330:52; 50:23:0040330:51","55.541420 38.079437","Московская
область","8 (917) 550 12 26","Ametist-B2019@yandex.ru","1","81110001495;81111112495;81111221405;81112312395;81113111205;81220101205;81910001495;81910003215;82110101215;82121111205;
82151111405;82202112495;82210101215;82220101215;82230101215;82310101215;82320101215;82419111205;82421111205;82913111205;
82451111205;82924111405;83010001715;84121112525;84921112205;89001111725;15211002215;15211004215;15411001215;40419000515;
45720102205;15211001215;81111111494;81111531404;81112211394;81112311394;81210101724;81290101724;82221111204;82913211624;
93110003394;93110001393;89000001724;83020001714"
"POLY_007","7","ООО ""Бакаут""","5047238992","Московская область, городской округ Долгопрудный,
город Долгопрудный, проезд Строителей, участок 3","55.911645 37.521","Московская
область","8 (926) 577 88 87","ev.zavyalova@alva.moscow","189","15211001215;15211002215;15211003235;15411001215;40414000515;40419000515;40421111515;45110100205;45711211605;45720102205;
45911099515;49211121725;81110001495;81111112495;81111221405;81112211394;81112311394;81112312395;81113111205;81210101724;
81220101205;81290101724;81910001495;81910003215;82110101215;82121111205;82151111405;82202112495;82210101215;82220101215;
82221111204;82230101215;82310101215;82320101215;82419111205;82421111205;82451111205;82913111205;83010001715;84121112525;
84210102214;84210101213;84220102494;84220101493;84921112205;89000003214;93110001393;93110003394;15211004215;81111111494"
"POLY_008","8","ООО ""Биорем""","7701352821","Московская область, городской округ Балашиха, в районе
полигона «Кучино», земельные участки с кадастровыми
номерами: 50:15:0031002:26 и 50:15:0031002:22","55.737011 37.941076","Московская
область","8 (903) 211 94 99","biorem-ecology@yandex.ru","38","45720102205;45911099515;81220101205;82110101215;82121111205;82202112495;82210101215;82220101215;82230101215;82310101215;
82320101215;82421111205;83010001715;84121112525;48230201525;82419111205;43411003515;15211001215;15211002215;15211003235;
15211004215;15411001215;40419000515;49211121725;82913111205;84921112205;46101001205;46110001515;46120001515;45110100205;
45711211605;40421111515;40414000515;43425001295;45110200205;45142121615;45911111515;45912111515;45911001515;45911011715;
43812204515;43411001205;43411004515;43414102515;43415101515;46110002215;46110099205;46120002215;46120099205;46220003215;
46220006205;43499133725;81111112495;81113111205;81110001495;89001111725;43414101205;46210001205"
"POLY_009","9","ООО ""Биорем""","7701352821","Московская область, городской округ Мытищи, д.
Сухарево, земельные участки с кадастровыми номерами:
50:12:0030401:71; 50:12:0030401:62; 50:12:0030401:60;
50:12:0030401:59; 50:12:0030401:58; 50:12:0030401:57;
50:12:0030401:56; 50:12:0030401:42","56.073218 37.523817","Московская
область","8 (903) 211 94 99","biorem-ecology@yandex.ru","154","45720102205;45911099515;45911111515;45912111515;81220101205;82110101215;82121111205;82202112495;82210101215;82220101215;
82230101215;82310101215;82320101215;82421111205;83010001715;84121112525;81110001495;81111112495;81113111205;81910001495;
81910003215;82151111405"
"POLY_010","10","ООО ""Биоэкопром""","7751514080","Московская область, Люберецкий район, городское
поселение Красково, деревня Машково, между юго-
западной границей иловых карт и берегом реки Пехорка","55.677747 37.963279","Московская
область","8 (985) 969 70 74","bioecoprom@inbox.ru","13","82220101215;82110101215;81910003215;81220101205;81210101724;45110100205;40419000515;15411001215;15211002215;82230101215;
82310101215;82320101215;81110001495;81111112495;81112312395;81113111205;45720102205;83010001715;82210101215;81910001495;
81991111704;82221111204;82223111204;82233111204;82291111204;82431121214;82441111214;81111221405;82419111205;82202112495;
82913111205;82121111205;82151111405;82421111205;82451111205;84121112525;84921112205;40414000515;45911111515;81111111494;
82240101214;15211001215"
"POLY_011","11","ООО ""Биоэкопром""","7751514080","Московская область, Дмитровский городской округ, с/п
Габовское, в районе д. Подгорное и д. Старо, кадастровые
номера земельных участков: 50:04:0070103:425,
50:04:0160208:70 и 50:04:0160208:71","56.167097 37.349750","Московская
область","8 (985) 969 70 74","bioecoprom@inbox.ru","94, 153","81110001495;81111112495;81111221405;81112312395;81113111205;81220101205;81910001495;81910003215;82110101215;82121111205;
82151111405;82202112495;82210101215;82220101215;82230101215;82310101215;82421111205;82451111205;82913111205;83010001715;
84921112205;15211002215;15411001215;40414000515;40419000515;45720102205;45911111515;81111111494;81111531404;81112311394;
81991111704;82221111204;82240101214;82291111204;82913211624;83020001714;89000002494;84121112525;15211001215"
"POLY_012","12","ООО ""Вега-ЛМ""","5001087388","Московская область, Щелковский район, АОЗТ
«Щелковская птицефабрика», кадастровый номер
земельного участка 50:14:0040301:527","55.874541 38.170492","Московская
область","8 (985) 641 39 26","ooo.vega_lm@mail.ru","93","81110001495;81111112495;81111221405;81112312395;81113111205;81220101205;81910001495;81910003215;82110101215;82121111205;
82151111405;82202112495;82210101215;82220101215;82230101215;82310101215;82320101215;82419111205;82421111205;82451111205;
82913111205;82924111405;83010001715;84121112525;84921112205;15211001215;81111111494;81111531404;81112311394;81210101724;
82213111204;82217111514;82221111204;82240101214;82331111504;82411001204;82411002204;82431121214;82441111214;82490001294;
82491111204;82531511204;82621001514;82622001514;83020001714;88235111214;89000002494"
"POLY_013","13","ООО ""Вива Транс""","7706217230","г. Москва, вн.тер.г. поселение Сосенское, ул. Адмирала
Корнилова, земельный участок 21","55.606009 37.456754","Москва","8 (495) 926 58 02","vivatranss@mail.ru","44","81910003215;81220101205;82421111205;15211004215;82151111405;83010001715;15211002215;15211001215;15411001215;81210101724;
40419000515;45110100205;81111221405;83020001714;43414201515;82310101215;84121112525;40414000515;82913111205;81290101724;
43415101515;43419972505;43411004515;43418101515;43419901205;40419100225;43412003515;43419199205;40421111515;82110101215;
43411002295;43414102515;43425002295;43425001295;45720102205;82121111205;84921112205;43414103515;81110001495;82240101214;
82202112495;82230101215;43419101205;81910001495;43417101205;43418102295;43412002295;43411003515;43414101205;43499133725;
81111112495;43419902205;82220101215;43416101515;43412004515;43411001205;43499121725;81112312395;82221111204;82210101215"
"POLY_014","14","ООО ""Возрождение""","5050143684","(КИП № 71) Московская область, г.о. Щелково, с/п
Огудневское, вблизи д. Воря-Богородское","56.042401 38.168059","Московская
область","8 (926) 108 37 75","vozrojdenie.mr@mail.ru","71","81110001495;81111112495;81112312395;81113111205;81910001495;81910003215;82110101215;82121111205;82310101215;82419111205;
82451111205;82913111205;83010001715;84921112205;30522003215;30522004215;30522002215;40414000515;40419000515;40421111515;
81220101205;82220101215;82230101215;40421001514;40422001514;40423001514;40424001514;40429099514;40490111614;40490511514;
40497111614;44375102494;45551001514;45551002514;45551099514;45575111714;45711201204;45711901204;45711101204;45712111614;
45712312614;45720101204;45720122204;45742111524;45751111204;45911021514;45912211504;45914111514;45991111404;49211111724;
81111111494;81112211394;81112311394;81210101724;81991111704;82221111204;82240101214;82291111204;82411001204;82441111214;
82490001294;82491111204;82531511204;82913211624;82915111624;82917111714;83020001714;84111111514;84210102214;84220101493;
84220102494;88235111214;89000002494;89000003214;93110003394;93110001393"
"POLY_015","15","ООО ""Возрождение""","5050143684","Московская область, г. Щелково, Восточная промзона","55.924877 38.038654","Московская
область","8 (926) 108 37 75","vozrojdenie.mr@mail.ru","141","40414000515;40419000515;40421111515;81110001495;81111112495;81112312395;81113111205;81220101205;81910001495;81910003215;
82110101215;82121111205;82220101215;82230101215;82310101215;82419111205;82451111205;82913111205;83010001715;84921112205;
40421001514;40422001514;40423001514;40424001514;40429099514;40490111614;40490511514;40497111614;44375102494;45551001514;
45551002514;45551099514;45575111714;45711101204;45711201204;45711901204;45712111614;45712312614;45720101204;45720122204;
45742111524;45751111204;45911021514;45912211504;45914111514;45991111404;49211111724;81111111494;81112211394;81112311394;
81210101724;81991111704;82221111204;82240101214;82291111204;82411001204;82441111214;82490001294;82491111204;82531511204;
82913211624;82915111624;82917111714;84111111514;83020001714;84210102214;84220101493;84220102494;88235111214;89000002494;
89000003214;93110001393;93110003394;84210101213;15211001215;15211002215;15211003235;15211004215;15411001215;40414111524;
45711211605;45712211614;45720102205;45911099515;49211121725;81111221405;81111531404;81290101724;82151111405;82202112495;
82210101215;82213111204;82217111514;82223111204;82233111204;82320101215;82331111504;82411002204;82421111205;84121112525;
89000001724;89003121724;89111001523;89111002524;89111111524;89112001524;89201101604;89211001603;89211002604;89321111423"
"POLY_016","","ООО ""Геоэкотехстрой""","5040077295","Московская обл., Раменский район, земельные участки с
кадастровыми номерами 50:23:0040330:22, 50:23:0040330:24,
50:23:0040330:27","55.540208 38.046525
55.540318 38.046080","Московская
область","8 (903) 575 50 50","geoecots@gmail.com","52, 56","45551001514;45551099514;45711101204;45720101204;81111111494;81111111494;81111531404;81112211394;81112311394;81210101724;
81290101724;81991111704;82213111204;82217111514;82221111204;82223111204;82233111204;82240101214;82291111204;82331111504;
82411001204;82411002204;82441111214;82490001294;82491111204;82614131714;82621001514;82622001514;82631011204;82632111204;
82634111204;82710001514;82731111504;82742311714;82799001724;82913211624;82915111624;82917111714;83020001714;84111111514;
84121111524;84210102214;84220102494;89000001724;89000002494;89000003214;89003121724;93110003394;15211001215;15211002215;
15211003235;15211004215;15411001215;40414000515;40419000515;43411003515;43412003515;43414101205;45711211605;45720102205;
45911099515;81110001495;81111112495;81111112495;81111221405;81112312395;81113111205;81220101205;81910001495;81910003215;
82110101215;82121111205;82151111405;82202112495;82210101215;82220101215;82230101215;82310101215;82320101215;82419111205;
82421111205;82451111205;82913111205;83010001715;84121112525;84921112205;89001111725"
"POLY_017","17","ООО ""Гарбич Транс""","7727449828","Московская область, р-н Домодедовский, д. Долматово,
земельный участок с кадастровым номером
50:28:0110156:4170","55.330963 37.728571","Московская
область","8 (916) 201 26 00","garbagetrans@mail.ru","31","81110001495;81111112495;81910001495;81220101205;82310101215;82421111205;84921112205;81910003215;82202112495;82419111205;
84121112525;82220101215;82913111205;81112312395;82451111205;82924111405;83010001715;82230101215;82320101215;82110101215;
82121111205;82151111405;81111531404;81111111494;81112211394;81112311394;81991111704;82213111204;82217111514;82221111204;
82240101214;82291111204;82331111504;82411001204;82411002204;82441111214;82490001294;82491111204;82531511204;82913211624;
82915111624;82917111714;83020001714;84121111524;89000002494;81210101724"
"POLY_018","18","ООО ""Гранит Авто""","7707700680","Московская область, Городской округ Подольск,
Домодедовское шоссе, д. 47 Б/1 и 47 Б/2, кадастровые
номера земельных участков 50:55:0020121:96,
50:55:0020121:97, 50:55:0020121:99","55.438828 37.596852","Московская
область","8 (495) 799 03 90","office@granit-auto.org","21, 165","15211001215;15211002215;15211003235;15211004215;15411001215;40414000515;40414111524;40419000515;40421001514;40421111515;
40422001514;40423001514;40424001514;40429099514;40490111614;40490511514;40497111614;40518101605;40518201605;40518301605;
40518401605;40518911605;40521111604;40521211604;40521213605;40521621525;40521814525;40522211605;40523111604;40529001295;
40529002294;40529111295;40529115525;40540101205;40540201205;40540301205;40581101605;40581191604;40591135605;40591151605;
40591572604;40591573604;40591916604;40591956605;40591957605;40591964604;40594911605;40595911604;43111001515;43111002515;
43112101205;43119991725;43130001525;43320202514;43320211524;43411001205;43411002295;43411003515;43411004515;43411111514;
43412002295;43412003515;43412004515;43412101514;43412311514;43412511524;43412611294;43414101205;43414102515;43414103515;
43414104514;43414201515;43415101515;43416101515;43416111514;43417101205;43418101515;43418102295;43418111514;43419901205;
43419902205;43419931524;43419971524;43419972505;43419975524;43423111204;43423121204;43425001295;43425002295;43425111214;
43425121514;43463111524;43491001204;43491911204;43499111204;43499121725;43499133725;43510001204;43510002294;43599132724;
43811102514;43811301514;43811302514;43811312514;43811931514;43811933514;43812204515;43812307514;43812311514;43812321514;
43812331514;43812371514;43812941514;43812943514;43812945514;43812951514;43812974514;43819102514;43819105524;43819107504;
43819108524;43819512524;43819901724;43831261514;43831265514;43832311514;43832762514;43832911524;43896171514;43896172514;
43899112724;44312211524;44391111614;45110100205;45110200205;45142111614;45142121615;45181965514;45513111514;45513112624;
45531001204;45532001204;45551001514;45551099514;45570000714;45575111714;45591111604;45592111604;45610001515;45620001295;
45621521525;45631131615;45711101204;45711201204;45711211605;45711901204;45720102205;45720122204;45742111524;45751111204;
45841111525;45911001515;45911011715;45911099515;45911111515;45912111515;45913131525;45914111514;46101001205;46101003204;
46102111204;46102211204;46110001515;46110002215;46110099205;46120001515;46120002215;46120099205;46122111524;46201114204;
46201192204;46210001205;46210099204;46220001515;46220002515;46220003215;46220006205;46220099204;46220501205;46810102204;
46810131504;46810135514;46810141514;46810151204;46811102514;46811202514;46811323514;46811411514;46811912514;46811961514;
46812111514;46812161514;46812521514;46821101514;46821111514;46821135514;46821137514;46821211204;46821212514;46821215514;
46952111514;46952112514;46952113514;46952212514;46952213514;48230201525;48230301525;48230611524;48230621524;48230811524;
48922111524;49110101525;49110311615;81110001495;81111111494;81111112495;81111221405;81111531404;81112312395;81113111205;
81210101724;81220101205;81290101724;81910001495;81910003215;81991111704;82110101215;82121111205;82151111405;82202112495;
82210101215;82213111204;82217111514;82220101215;82221111204;82223111204;82230101215;82233111204;82240101214;82291111204;
82310101215;82320101215;82331111504;82411001204;82411002204;82419111205;82421111205;82431121214;82441111214;82451111205;
82490001294;82491111204;82531511204;82614131714;82631011204;82632111204;82634111204;82731111504;82742311714;82913111205;
82913211624;82915111624;82917111714;82918111424;82924111405;83010001715;83020001714;84111111514;84121111524;84121112525;
84210102214;84220102494;84921112205;88235111214;89000001724;89000002494;89000003214;89001111725;89201101604;89211002604;
45720101204;45712111614;45712211614;45991111404;93110003394;43510003514;82621001514;82622001514;82710001514;82799001724;
89003121724;89111002524;89111111524;89112001524"
"POLY_019","19","ООО ""Грунтофф""","5040167950","Московская область, Городской округ Подольск, деревня
Алтухово, территория промышленного парка Алтухово","55.328078 37.573795","Московская
область","8(800) 550 15 98","info@gruntoff.ru","188","81110001495;81111112495;81111221405;81112312395;81113111205;81220101205;81910001495;81910003215;82110101215;82121111205;
82151111405;82202112495;82210101215;82220101215;82230101215;82310101215;82320101215;82419111205;82421111205;82451111205;
82913111205;82924111405;83010001715;84121112525;84921112205"
"POLY_020","20","ООО ""Евростандарт""","7729492748","Московская область, Наро-Фоминский район, сельское
поселение Ташировское, вблизи дер. Любаново","55.459353 36.621754","Московская
область","8 (916) 950 01 06","eurostandart2016@bk.ru","17","81110001495;81111112495;81910001495;81112312395"
"POLY_021","21","ООО ""Евростандарт""","7729492748","Московская область, Ленинский г.о., с/п Молоковское","55.578546 37.862346","Московская
область","8 (985) 971 11 78","eurostandart2016@bk.ru","108","81110001495;81111112495;81220101205;81910001495;81910003215;82110101215;82220101215;82230101215;83010001715;81111111494;
81111531404;82221111204;83020001714;82310101215"
"POLY_022","22","ООО ""Кинэко""","7723379986","г. Москва, Рязановское поселение, вблизи Фабрики им. 1-
го Мая","55.48311 37.516","Москва","8 (926) 779 00 84","info@oookineco.ru","49","84220101493;83020001714;81910001495;82240101214;82731111504;84210101213;82913111205;81210101724;84121111524;82210101215;
82291111204;81113111205;82622001514;81112211394;81112312395;81111221405;40419000515;93110003394;15211003235;82230101215;
89000001724;82411002204;15211001215;82223111204;82421111205;84121112525;15211004215;82913211624;81111111494;48230201525;
81991111704;84921112205;82621001514;82121111205;81290101724;82799001724;15411001215;82220101215;82419111205;82631011204;
81910003215;82451111205;81220101205;81111112495;15211002215;82310101215;93110001393;82233111204;82110101215;82491111204;
82710001514;84210102214;82221111204;82917111714;81110001495;82151111405;89000002494;84220102494;82320101215;81112311394;
83010001715;89001111725;82202112495"
"POLY_023","23","ООО ""Конкрет и К""","5025031070","Московская область, г.о. Солнечногорск, д. Литвиново","56.112057 37.177608","Московская
область","8 (994) 888 88 48","asl.81@mail.ru","134","81110001495;81111112495;81112312395;81113111205;81220101205;81910001495;81910003215;82110101215;82121111205;82202112495;
82151111405;82210101215;82220101215;82230101215;82310101215;82320101215;82419111205;82421111205;82451111205;82913111205;
83010001715;84121112525;84921112205;81111111494;81111531404;81210101724;82213111204;82221111204;82240101214;82291111204;
82331111504;82411001204;82411002204;82913211624"
"POLY_024","24","ООО ""Корн""","5032308358","Московская область, г.о.Истра, с/пос. Бужаровское, вблизи
д.Зорино, с кадастровыми номерами 50:08:0070221:10 и
50:08:0070221:44","56.013229 36.725814","Московская
область","8 (925) 808 75 97","korn24info@mail.ru","164","15211002215;15211004215;15411001215;40419000515;81110001495;81111112495;81220101205;81910001495;82202112495;82210101215;
82220101215;82230101215;82310101215;82913111205;83010001715;82320101215;81910003215;82421111205;82451111205;81112312395;
84921112205;82151111405;81113111205;82110101215;82121111205;82419111205;84121112525"
"POLY_025","25","ООО ""КСД-РЕЦИКЛИНГ""","5003146769","Московская обл., р-н Ленинский, городское поселение
Горки Ленинские, д. Горки, уч.№411ю","55.518844 37.755877","Московская
область","8 (965) 110 91 10","recycling@ksd.msk.ru","96","15211002215;15411001215;45720102205;81110001495;81111112495;81112312395;81220101205;81910001495;81910003215;82110101215;
82202112495;82210101215;82220101215;82230101215;82310101215;82320101215;82419111205;82421111205;82451111205;82913111205;
83010001715;84121112525;84921112205;82611131713;84100001513;84210101213;84220101493;40421001514;44375102494;45551099514;
45711901204;45712312614;81111111494;81111531404;81210101724;81991111704;82213111204;82217111514;82221111204;82223111204;
82233111204;82240101214;82291111204;82331111504;82411001204;82411002204;82441111214;82490001294;82491111204;82621001514;
82622001514;82631011204;82632111204;82634111204;82710001514;82731111504;83020001714;84111111514;84121111524;84210102214;
84220102494;89000002494;40422001514;40423001514;45551002514;81290101724;82531511204;89000001724"
"POLY_026","26","ООО ""Левобережный МПК""","5047204111","Московская область, г. Химки, микрорайон
Левобережный, Лихачёвское шоссе, вблизи полигона ТБО,
земельный участок с кадастровым номером
50:10:0010405:164","55.898770 37.497702","Московская
область","8 (499) 455 17 43","info@lb-mpk.regop.ru","11","82221111204;81210101724;81290101724;81991111704;82213111204;82217111514;82223111204;82233111204;82240101214;82291111204;
82331111504;82441111214;82491111204;82531511204;82731111504;82913211624;82915111624;82917111714;82918111424;83020001714;
84111111514;84121111524;88235111214;89000001724;89003121724;43819192524;15211001215;15211002215;15211003235;15211004215;
45711211605;45720102205;81220101205;81910003215;82110101215;82121111205;82202112495;82210101215;82220101215;82230101215;
82310101215;82320101215;82419111205;82913111205;83010001715;84121112525;84921112205;89001111725;40419000515;43411003515;
82151111405;81910001495;82421111205;84210102214;89000002494;89000003214;40414000515;40518201605;40518301605;40518401605;
40518911605;40522211605"
"POLY_027","27","ООО ""Логистик Трейд""","800021680","Московская область, г.о. Домодедово, дер. Кучино","55.438037 37.67388","Московская
область","8 (916) 466 68 90","logistikt2024@gmail.com","176, 182","81110001495;81111112495;81112312395;81113111205;81220101205;81910003215;81910001495;82110101215;82310101215;82320101215;
82913111205;83010001715;82421111205;82202112495;82220101215;82230101215;15211001215;82221111204;82291111204;83020001714;
81111111494;81111531404;81112211394;81112311394;84220102494;81210101724;82913211624;81290101724;81991111704;89000001724"
"POLY_028","","ООО ""М3 Центр Неруд""","7702837610","Московская область, Дмитровский район, г/п Яхрома,
вблизи д.Филимоново, уч. № 20","56.273114 37.21579","Московская
область","8 (926) 269 10 41","m3nerud@mail.ru","138","81110001495;81111112495;81112312395;81113111205;81220101205;81910001495;81910003215;82110101215;82121111205;82151111405;
82202112495;82210101215;82220101215;82230101215;82310101215;82320101215;82419111205;82421111205;82913111205;83010001715;
84121112525;84921112205;81111221405;82411002204;81111111494;81111531404;81112311394;81991111704;82531511204;88235111214;
82924111405;82913211624;83020001714;89000002494;81112211394;82331111504;82411001204;84121111524;82451111205;81290101724;
89000001724;82431121214;82441111214;82490001294;82491111204;82621001514;82622001514;82917111714;88511111614;88513121524;
88518111724;89001111725"
"POLY_029","29","ООО ""Мульти Групп Монолит""","7704303029","Московская область, Ленинский городской округ, г .
Видное , территория Северная промышленная зона, 431Н","55.557924 37.767747","Московская
область","8 (925) 163 35 55","info@mgm-snab.ru","177","82221111204;82291111204;45911099515;45911001515;81220101205;82310101215;81910001495;81910003215;82230101215;82110101215;
82121111205;82202112495;82210101215;82220101215;82320101215;82421111205;83010001715;84121112525;81110001495;81111112495"
"POLY_030","30","ООО ""МЭР""","7816715140","Московская область, Городской округ Подольск, город
Подольск, Домодедовское шоссе, земельный участок 47б/5
с кадастровым номером 50:55:0000000:82868","55.441304 37.6024","Московская
область","8 (926) 600 10 62","a.shmeleva@crushmash.ru","147","15211001215;15211002215;15211003235;15211004215;15411001215;40419000515;45110100205;45720102205;45911099515;45911111515;
81110001495;81111112495;81111221405;81112312395;81113111205;81220101205;81910001495;81910003215;82110101215;82121111205;
82151111405;82202112495;82210101215;82220101215;82230101215;82310101215;82320101215;82421111205;82451111205;82913111205;
83010001715;84121112525"
"POLY_031","31","ООО ""Нано Технологии""","7707424494","Московская область, Раменский район, сельское
поселение Чулковское, село Еганово, д. 20","55.532540 38.052890","Московская
область","8 (926) 384 46 27","saf1988@yandex.ru","183","15211001215;15211002215;15211003235;15211004215;15411001215;45911001515;45911111515;45912111515;45913131525;40421111515;
45110200205;45841111525;40414000515;40419000515;45720102205;45110100205;45911099515;81110001495;81111112495;81111221405;
81112312395;81113111205;81220101205;81910001495;81910003215;82110101215;82121111205;82151111405;82202112495;82210101215;
82220101215;82230101215;82310101215;82320101215;82421111205;82451111205;82913111205;83010001715;84121112525;84921112205;
40414111524;40421001514;40422001514;40423001514;40424001514;40429099514;40490111614;40490511514;40497111614;45511111624;
45711201204;45711901204;45712211614;45712312614;45720101204;45720122204;45911021514;45621211514;45591111604;45592111604;
45615111514;45620051424;45620052414;45551002514;45513111514;45513112624;45515111624;81111111494;81111531404;81112211394;
81112311394;81210101724;82213111204;82217111514;82221111204;82223111204;82233111204;82240101214;82291111204;82331111504;
82411002204;82913211624;83020001714;84111111514;84121111524;84210102214;84220102494;89000002494;89000003214;82431121214;
93110003394;44370111393;44375101493;84210101213;84220101493;93110001393"
"POLY_032","32","ООО ""НЕРУДНЫЕ МАТЕРИАЛЫ""","5007100941","Дмитровский муниципальный округ, д. Подгорное,
земельный участок с кадастровыми номерами
50:04:0160208:396; 50:04:0160208:77, 50:04:0160208:23","56.164399 37.35315","Московская
область","8 (926) 880 70 85","darik2802@yandex.ru","194","15211001215;15211002215;15211003235;15211004215;40422001514;40423001514;40424001514;40429099514;44375102494;45551001514;
45551002514;45551099514;45711101204;45711201204;45711901204;81110001495;81111111494;81111112495;81111221405;81111531404;
81112211394;81112311394;81112312395;81210101724;81220101205;81910001495;81910003215;82110101215;82121111205;82151111405;
82202112495;82210101215;82213111204;82217111514;82220101215;82221111204;82223111204;82230101215;82233111204;82240101214;
82291111204;82310101215;82320101215;82331111504;82411002204;82419111205;82421111205;82431121214;82441111214;82451111205;
82490001294;82491111204;82913111205;82913211624;82918111424;82924111405;83010001715;83020001714;84210102214;84220102494;
84921112205;88235111214;89000002494;93110003394"
"POLY_033","33","ООО "" Неруд Пром""","5040148644","Московская область, городской округ Дзержинский, место
положение установлено относительно ориентира,
расположенного за пределами участка, ориентир
Административное здание ЗАО ""Жилстрой"", в 150 метрах
ориентира по направлению на юг","55.618406 37.860784","Московская
область","8 (925) 270 44 97","info@sc-np.com","69","15211001215;15211002215;15211003235;15411001215;40414000515;40419000515;45720102205;45911099515;81110001495;81111112495;
81111221405;81112312395;81113111205;81220101205;81910001495;81910003215;82110101215;82210101215;82151111405;82202112495;
82220101215;82230101215;82310101215;82320101215;82419111205;82451111205;82913111205;83010001715;84921112205"
"POLY_034","34","ООО ""Нерудэкострой""","5003142852","Московская область, городской округ Электросталь, п.
Случайный, кадастровый номер земельного участка:
50:16:0502056:929","55.745284 38.380351","Московская
область","8 (906) 168 31 78","nerudekostroy@yandex.ru","166","81110001495;81111112495;81113111205;81910001495;81112312395"
"POLY_035","35","ООО ""Нестрон""","7721179082","Московская область, Домодедовский район, г.
Домодедово, мкр. Барыбино","55.254539 37.851196","Московская
область","8 (916) 700 11 66","9060934362@mail.ru","187","81910003215;81910001495;82202112495;82210101215;82220101215;82230101215;82310101215;82320101215;82419111205;81110001495;
81111112495;15211001215;15211002215;15211004215;82121111205;82451111205;82913111205;83010001715;81220101205;81112312395;
82110101215;82151111405;82421111205;82924111405;84921112205"
"POLY_036","36","ООО ""Платон строй""","5036171633","(КИП № 22) Московская область, Ленинский район, Совхоз
имени Ленина, вблизи деревни Апаринки, кадастровый
номер участка 50:21:0040102:633.","55.562823 37.767881","Московская
область","8 (929) 604 01 33","info@eko-vivoz.ru","22","81220101205;81910001495;81910003215;82110101215;82151111405;82220101215;82210101215;82230101215;82310101215;83010001715;
84121112525"
"POLY_037","37","ООО ""Полигон 77""","5003158235","Московская область, городской округ Ленинский,
городское поселение Горки Ленинские, д. Калиновка","55.510491 37.729688","Московская
область","8 (996) 970 27 09","ooopoligon77@yandex.ru","156, 179","81110001495;81111112495;81113111205;81112312395;81220101205;81910001495;81910003215;82110101215;82151111405;82220101215;
82210101215;82230101215;82310101215;82421111205;82451111205;83010001715"
"POLY_038","38","ООО ""Полигон 77""","5003158235","Московская область, г.о. Домодедово, вблизи д. Щербинка","55.438062 37.656374","Московская
область","8 (996) 970 27 09","ooopoligon77@yandex.ru","181, 191","81110001495;81111112495;81112312395;81220101205;81910001495;81910003215;82110101215;82210101215;82220101215;82230101215;
82310101215;82421111205;82451111205;83010001715;81111111494;81111531404;81112211394;81112311394;81210101724;82233111204;
81290101724;81991111704;82213111204;82217111514;82221111204;82240101214;82291111204;82331111504;82411001204;82411002204;
82431121214;82441111214;82490001294;82491111204;82531511204;82913211624;83020001714;82917111714;88235111214;89000002494;
82918111424;84210102214;84220102494;88513121524;89000001724;93110003394"
"POLY_039","39","ООО ""Полигон 77""","5003158235","Московская область, р-н Солнечногорский, с.п.
Пешковское, д. Никольское","56.053508 37.182798","Московская
область","8 (996) 970 27 09","ooopoligon77@yandex.ru","151","81110001495;81111112495;81113111205;81112312395;81220101205;81910001495;81910003215;82110101215;82151111405;82220101215;
82210101215;82230101215;82310101215;82421111205;82451111205;83010001715"
"POLY_040","40","ООО ""Полигон ПГС""","5047036080","г.о. Домодедово, вблизи д. Долматово","55.332870 37.739810","Московская
область","8 (495) 575 41 53","poligon_pgs_eco@mail.ru","33","81111111494;81210101724;81290101724;82221111204;82223111204;82233111204;82291111204;82913211624;83020001714;89000001724;
93110003394;81910003215;40419000515;45720102205;81220101205;81910001495;82110101215;82210101215;82220101215;82230101215;
82310101215;15211001215;15211002215;15211003235;15211004215;84210102214;89000003214;81112211394;81113111205;89001111725;
84921112205;83010001715;82913111205;82320101215;82202112495;82121111205;81111221405;81111112495;45911099515;45110100205;
82411001204;81112311394;81991111704;45720101204;45711901204;45711101204;45751111204;45742111524;45720122204;45712312614;
45712211614;45712111614;89000002494;82917111714;82491111204;82490001294;82411002204;81110001495;82331111504;15411001215;
48230201525;82632111204;40429099514;81112312395;82240101214;43411003515;40421001514;40422001514;40424001514;45711201204;
45711211605;49211181524;82213111204;82419111205;82441111214;82634111204;82915111624;84111111514;84121112525;84220101493;
81111531404;82621001514;45551001514;45551099514;82217111514;82622001514;82710001514;84121111524"
"POLY_041","41","ООО ""Полигон ПГС""","5047036080","Московская обл., г.о. Балашиха","55.720794 38.095577","Московская
область","8 (495) 575 41 53","poligon_pgs_eco@mail.ru","36","81111111494;81210101724;82221111204;82223111204;82233111204;82240101214;82291111204;82913211624;83020001714;84220102494;
89000002494;89000003214;93110003394;81110001495;81910003215;45720102205;45911099515;81220101205;81910001495;82110101215;
82210101215;82220101215;82230101215;82310101215;15211002215;15211003235;15211004215;15211001215;15411001215;45911111515;
45912111515;81111112495;81111221405;81112312395;81113111205;82121111205;82202112495;82320101215;82451111205;82913111205;
83010001715;84121112525;84921112205;81112311394;81112211394;82331111504;82419111205;81111531404;45110100205;40419000515"
"POLY_042","42","ООО ""ПромКомплект""","9718159788","Московская область, г. Долгопрудный, Промышленный
проезд, д.4","55.925173 37.497333","Московская
область","8 (495) 120 43 93","buchgalter@promkt.ru","10","81220101205;81910003215;82110101215;82121111205;82210101215;82220101215;82230101215;82310101215;82320101215"
"POLY_043","43","ООО ""Простехавиа""","5009111272","(КИП № 20) Московская область, г. Домодедово, мкр.
Северный","55.463399 37.715427","Московская
область","8 (963) 624 00 69","promtehavia@gmail.com","20, 122","81110001495;81111112495;81112312395;81220101205;81910001495;81910003215;82110101215;82210101215;82220101215;82230101215;
82310101215;82421111205;82451111205;83010001715;81111111494;81111531404;81112211394;81112311394;81210101724;81231121404;
81991111704;82213111204;82217111514;82221111204;82240101214;82291111204;82331111504;82411001204;82411002204;82431121214;
82441111214;82490001294;82491111204;82531511204;82915111624;83020001714;84121111524;88235111214;89000002494;81290101724"
"POLY_044","44","ООО ""ПЭО""","9703001131","Московская область, Домодедовский район, г.
Домодедово, с. Долматово (кадастровый номер
50:28:0060115:1999)","55.337148 37.733879","Московская
область","8 (495) 108 73 91","info@p-e-operator.com","2","15211001215;15211002215;15211003235;15211004215;15411001215;40414000515;40419000515;40419100225;40421111515;43411001205;
43411002295;43411003515;43411004515;43412002295;43412003515;43412004515;43414101205;43414102515;43414103515;43414201515;
43415101515;43416101515;43417101205;43418101515;43418102295;43419101205;43419199205;43419901205;43419902205;43419972505;
43425001295;43425002295;43499121725;43499133725;43611001205;43612001205;45110100205;45110200205;45142121615;45610001515;
45620001295;45621521525;45631131615;45711211605;45720102205;45841111525;45911001515;45911099515;45911111515;45912111515;
45913131525;46101001205;46220003215;48230201525;81110001495;81111112495;81111221405;81112312395;81113111205;81220101205;
81910001495;81910003215;82110101215;82121111205;82151111405;82202112495;82210101215;82220101215;82230101215;82310101215;
82320101215;82419111205;82421111205;82451111205;83010001715;84121112525;89001111725;40414111524;40421001514;40422001514;
40423001514;40424001514;40429099514;40490111614;40490511514;40497111614;40639001313;40639111323;43411111514;43411211514;
43412101514;43412311514;43412511524;43412611294;43419931524;43419971524;43423121204;43425121514;43491001204;43491111204;
43491911204;43492201204;43499111204;43510001204;43510002294;43510003514;43510111524;43522111514;43522211514;43529111713;
43599121204;43599131724;43599132724;43612111204;43613001204;43614111524;43832911524;44250311293;44250312294;44250401203;
44250402204;44250403204;44250414203;44250501203;44250502204;44250711493;44250712494;44250811203;44250821403;44250822404;
44250911493;44250912494;44250915493;44250916494;44250921493;44250922494;44250931494;44251112204;44251113203;44253411293;
44254111613;44254121613;44262111203;44370111393;44370212204;44370213204;44370315294;44370316493;44370381404;44370611204;
44371113204;44371171304;44371211293;44373121604;44374112494;44375101493;44375102494;44376101494;44376102494;44376103494;
44376104204;44376112494;44376114494;44376115493;44376116204;44376122524;44376123523;44376131524;44376142203;44391132604;
44391133603;44391134604;44391211714;44391213714;45144101294;45511111624;45513111514;45513112624;45515111624;45551001514;
45551002514;45551099514;45590101614;45591111604;45592111604;45593111603;45615111514;45620051424;45620052414;45621211514;
45631111514;45631121514;45631222514;45631231624;45631311524;45711101204;45711201204;45711901204;45712111614;45712211614;
45712312614;45720101204;45720122204;45911021514;45991111404;49211181524;81111111494;81111531404;81112211394;81112311394;
81210101724;81290101724;81291111203;81291112203;81991111704;82213111204;82217111514;82221111204;82223111204;82233111204;
82240101214;82291111204;82331111504;82411001204;82411002204;82431121214;82490001294;82491111204;82611111203;82611131713;
82614131714;82614311313;82621001514;82622001514;82631011204;82632111204;82634111204;82710001514;82799001724;83020001714;
84121111524;84210101213;84210102214;84220101493;84220102494;89000001724;89000002494;89000003214;89003121724;89111002524;
89112001524;89201101604;89211001603;89211002604;89321111423;93110003394;93110001393"
"POLY_045","45","ООО ""ПЭО""","9703001131","Московская область, г. Домодедово, территория «Русь» -
«Бурхино»","55.34148 37.954294","Московская
область","8 (495) 108 73 91","info@p-e-operator.com","99","15211001215;15211002215;15211003235;40414111524;40419000515;40421001514;40422001514;40423001514;40424001514;40429099514;
43411003515;43412003515;43419971524;43510001204;43510003514;45110100205;45551001514;45711101204;45711201204;45711211605;
45711901204;45712312614;45720101204;45720102205;45720122204;45911099515;46101001205;48230201525;49211181524;81110001495;
81111111494;81111112495;81111221405;81111531404;81112211394;81112311394;81112312395;81113111205;81210101724;81220101205;
81290101724;81291111203;81291112203;81910001495;81910003215;81991111704;82110101215;82121111205;82151111405;82202112495;
82210101215;82213111204;82217111514;82220101215;82221111204;82223111204;82230101215;82233111204;82240101214;82310101215;
82320101215;82331111504;82411001204;82411002204;82419111205;82421111205;82451111205;82490001294;82491111204;82611111203;
82611131713;82614131714;82614311313;82621001514;82622001514;82631011204;82632111204;82634111204;82710001514;82799001724;
83010001715;83020001714;84121111524;84121112525;84210101213;84210102214;84220101493;84220102494;89000001724;89000002494;
89000003214;89003121724;89111002524;89112001524;89201101604;89211001603;89211002604;93110003394;89001111725;15411001215"
"POLY_046","46","ООО ""ПЭО""","9703001131","Московская область, городской округ Истра, Истринское
лесничество, Новоиерусалимское участковое лесничество
(Истринский лесотехнический участок, квартал 57, выдела
7,8,9,11,15,16,17,18,19,20,21,25,26,27,28,29,45,47,49,50)
кадастровый №50:08:0040141:369","55.944985 36.93795","Московская
область","8 (495) 108 73 91","info@p-e-operator.com","157","15211001215;15211002215;15211003235;15211004215;15411001215;40419100225;45110100205;45110200205;45620001295;45720102205;
45841111525;45911001515;45911099515;45911111515;45912111515;45913131525;46101001205;46220003215;48230201525;81110001495;
81111112495;81111221405;81112312395;81113111205;81220101205;81910001495;81910003215;82110101215;82121111205;82151111405;
82202112495;82210101215;82220101215;82230101215;82310101215;82320101215;82419111205;82421111205;82451111205;83010001715;
84121112525"
"POLY_047","47","ООО ""Регион Нефтьхолдинг""","6452117887","Московская область, Раменский городской округ,
сельское поселение Чулковское","55.536479 38.087823","Московская
область","8 (905) 384 54 27","germesy@yandex.ru","91","81110001495;81111112495;81910001495;81112312395"
"POLY_048","48","ООО ""РЕГРАД""","7730201880","г. Москва, ул. Стандартная, д. 6, стр. 21","55.884851 37.577742","Москва","8 (915) 352 02 35","info@regrad.moscow","190","82217111514;81991111704;45110100205;82121111205;45551002514;15211003235;84921112205;82411001204;45991111404;83020001714;
81112312395;88235111214;82451111205;40421111515;40414000515;40419000515;82419111205;15211001215;84210102214;82240101214;
40419100225;81910003215;89000002494;81110001495;82230101215;81113111205;82202112495;89001111725;82331111504;43411003515;
83010001715;82310101215;81220101205;82223111204;45911021514;81910001495;82291111204;45911111515;82441111214;81111112495;
82531511204;49211121725;82213111204;45720102205;82210101215;45911011715;82913111205;15211002215;45912111515;82221111204;
15211004215;45551099514;45711211605;82220101215;84121112525;82110101215;82411002204;45911099515;82490001294;82491111204;
82320101215;44375102494;82151111405;45551001514;82233111204;45911001515;84121111524;89000003214;89000001724;15411001215"
"POLY_049","49","ООО ""Рекультивация и
строительство""","5031146190","Московская область, г.о. Богородский, Ногинский р-н,
сельское поселение Буньковское, вблизи (западнее) д.
Большое Буньково, земельные участки с кадастровыми
номерами: 50:16:0000000:68310 и 50:16:0000000:60763","55.830267 38.580807","Московская
область","8 (985) 005 90 88","re-stroy1@yandex.ru","106","15211001215;15211002215;15211004215;15411001215;40419000515;45720102205;45911099515;45911111515;81110001495;81111112495;
81112312395;81113111205;81220101205;81910001495;81910003215;82110101215;82121111205;82202112495;82210101215;82220101215;
82310101215;82320101215;82230101215;82419111205;82451111205;82913111205;83010001715;84121112525;84921112205;40421001514;
40422001514;40423001514;40424001514;40429099514;40490111614;40490511514;44375102494;45551001514;45551099514;81111111494;
81112211394;81112311394;81210101724;81111531404;82213111204;82217111514;82221111204;82223111204;82233111204;82240101214;
82291111204;82331111504;82411001204;82411002204;82441111214;82490001294;82491111204;82913211624;83020001714;84111111514;
84121111524;84210102214;84220102494;89000002494;89000003214;93110003394"
"POLY_050","50","ООО ""Ресурс Инвест""","5007069949","Московская область, Солнечногорский район","56.138324 36.957786","Московская
область","8 (499) 290 31 16","resurs.invest@list.ru","140","15211002215;15211004215;15411001215;40419000515;81110001495;81111112495;81220101205;81910001495;82202112495;82210101215;
82220101215;82230101215;82310101215;82913111205;45551002514;45551099514;45551001514;45711201204;45711901204;45720122204;
45742111524;45751111204;81111111494;81210101724;82213111204;82217111514;82221111204;82233111204;82240101214;82331111504;
82411002204;82491111204;82913211624;84220102494;89000002494;89000003214;93110003394;45711211605;45720102205;81113111205;
81910003215;82121111205;82320101215;82110101215;82419111205"
"POLY_051","51","ООО ""Рецикл Материалов""","7708329349","Московская область, городской округ Химки, город
Химки, микрорайон Подрезково, квартал Кирилловка ,78","55.959520 37.352761","Московская
область","8 (967) 081 41 39","tatyna.klimenko70@mail.ru","83","82220101215;82230101215;81220101205;82310101215;81910003215;83010001715;84121112525;81910001495;82210101215;81111112495;
81110001495;81112312395;81113111205;81111221405;82110101215;82121111205;82151111405;82202112495;82320101215;82419111205;
82421111205;82451111205;82913111205"
"POLY_052","52","ООО ""Рецикл Материалов""","9709026894","Московская область, Ленинский р-н, г. Видное, тер.
Промзона, зем. уч. с кадастровым номером
50:21:0020102:413","55.550692 37.767613","Московская
область","8 (499) 946 58 20","info@recycle-materialov.ru","28","82230101215;82220101215;81220101205;82110101215;82320101215;45720102205;82121111205;82202112495;82210101215;82310101215;
82419111205;82421111205;83010001715;45991111404;82217111514;82221111204;82223111204;82233111204;82240101214;82291111204;
82331111504;82411001204;82411002204;82431121214;82490001294;82491111204;83020001714;81910003215;84210102214"
"POLY_053","53","ООО ""РИМ""","5003168970","Московская область, Ленинский г.о., вблизи дер.
Сапроново","55.532342 37.700519","Московская
область","8 (903) 510 93 30","rim-ossig@yandex.ru","193","81110001495;81111112495;81113111205;81910001495;81112312395"
"POLY_054","54","ООО ""РУСГРУНТ""","7727480105","г.Москва, вн.тер.г. Муниципальный округ Кунцево,кв-л
310,з/у 2","55.7385 37.0841","Москва","8 (903) 795 65 57","rusgrunt@mail.ru","119","45720102205;81110001495;81111112495;81113111205;81220101205;81910001495;81910003215;82202112495;82220101215;82230101215;
82310101215;82320101215;82421111205"
"POLY_055","55","ООО ""РусГрунт""","5032318010","г.Москва, вн.тер.г.муниципальный округ
Краснопахорский,квартал 147 участок 60","55.441766 37.318265","Москва","8(495) 795 65 57","rosgrunt@bk.ru","192","82924111405;82210101215;45911011715;81111221405;45911111515;81910001495;40421111515;82220101215;81111112495;45911001515;
40414000515;45912111515;45911099515;82320101215;83010001715;82110101215;82913111205;82419111205;82421111205;84121112525;
82151111405;15211003235;82230101215;81220101205;15211001215;89001111725;40419000515;82451111205;82202112495;81110001495;
82310101215;81910003215;82121111205;15211004215;15211002215;81112312395;84921112205;40419100225;45720102205"
"POLY_056","56","ООО ""СК Строймонтаж""","5003108315","Российская Федерация, Московская область, городской
округ Домодедово, г. Домодедово.","55.436725 37.685866
55.43672 37.68586","Московская
область","8 (964) 644 12 28","skgrunt@mail.ru","66, 68","81110001495;81111112495;81111221405;81112312395;81113111205;81220101205;81910001495;81910003215;82110101215;82121111205;
82151111405;82202112495;82210101215;82220101215;82230101215;82310101215;82320101215;82419111205;82421111205;82451111205;
82913111205;84121112525;84921112205;15211001215;15411001215;45911099515;40414000515;83010001715;81111111494;81112211394;
81112311394;81210101724;82221111204;84210101213;84210102214;89000003214;93110003394;81111531404;81991111704;82223111204;
82233111204;82240101214;82291111204;83020001714;89000002494"
"POLY_057","","ООО ""СКХ""","5044040183","Российская Федерация, Московская область, Богородский
городской округ, территория Носовихинское шоссе,
километр 20-ый, земельный участок 3, кадастровый номер
50:16:0701020:2155","55.736618 38.159467","Московская
область","8 (901) 383 02 37","skh.ooo@mail.ru","178","81111111494;81111531404;81112211394;81112311394;82221111204;82240101214;82291111204;82411001204;82411002204;82490001294;
82491111204;82913211624;82917111714;83020001714;84121111524;88235111214;89000002494;81290101724;81991111704;89000001724;
89001111725;81110001495;81111112495;81111221405;81112312395;81113111205;81910001495;81910003215;82110101215;82121111205;
82151111405;82202112495;82210101215;82220101215;82230101215;82310101215;82320101215;82419111205;82421111205;82451111205;
82913111205;82924111405;83010001715;84121112525;84921112205;81220101205"
"POLY_058","58","ООО ""Солнечное поле""","5044065082","Московская область, Солнечногорский р-н, с/п
Пешковское, в районе д. Шелепаново","56.11691 37.169081","Московская
область","8 (916) 928 06 84","sun-pole@yandex.ru","137","15211001215;15211002215;15211003235;15211004215;15411001215;45841111525;45720102205;81110001495;81111112495;81111221405;
81112312395;81113111205;81220101205;81910001495;81910003215;82110101215;82121111205;82151111405;82202112495;82210101215;
82220101215;82230101215;82310101215;82320101215;82419111205;82421111205;82451111205;82913111205;84121112525;84921112205;
83010001715"
"POLY_059","59","ООО ""Союзгеострой""","5029243870","Московская область, Ногинский район, ЗАО ""Ногинское""","55.780729 38.302373","Московская
область","8 (499) 290 31 16","sgeostroy@list.ru","78","15211002215;15411001215;40419000515;81110001495;81111112495;81113111205;81220101205;81910001495;81910003215;82110101215;
82202112495;82210101215;82220101215;82230101215;82310101215;82320101215;82913111205;81111111494;81210101724;81991111704;
82221111204;82233111204;82240101214;82291111204;82411002204;82913211624;84220102494;89000002494;89000003214;81112311394;
81112312395"
"POLY_060","60","ООО ""Спецтранс-Механизация""","7729720514","г. Москва, вн.тер.г. муниципальный округ Чертаново
Центральное, улица Дорожная, земельный участок 3/3А/5","55.616221 37.629748","Москва","8 (916) 340 11 85","spetstrans-mehanizacija@mail.ru","86","40421001514;40422001514;40423001514;40424001514;40429099514;43412101514;43414104514;43416111514;43417111514;43423121204;
43491911204;45142111614;45144101294;45511111624;45513111514;45513112624;45515111624;45521111524;45531001204;45532001204;
45551001514;45551002514;45551099514;45570000714;45575111714;45591111604;45592111604;45711101204;45711201204;45711901204;
45720101204;45720122204;45742111524;45751111204;45911021514;81111111494;81210101724;81290101724;81991111704;82213111204;
82217111514;82221111204;82240101214;82291111204;82331111504;82411001204;82411002204;82431121214;82441111214;82490001294;
82491111204;82531511204;82614131714;82621001514;82622001514;82631011204;82632111204;82634111204;82710001514;82731111504;
82742311714;82799001724;82913211624;82915111624;82917111714;83020001714;84111111514;84121111524;89000001724;89000002494;
89000003214;40419000515;43411001205;43411002295;43411003515;43412002295;43412003515;43414101205;43414102515;43414103515;
43414201515;43416101515;43417101205;43418101515;43418102295;43499121725;43499133725;45110100205;45142121615;45711211605;
45720102205;45911001515;45911011715;45911099515;45911111515;45912111515;81110001495;81111112495;81220101205;81910001495;
81910003215;82110101215;82121111205;82151111405;82202112495;82210101215;82220101215;82230101215;82310101215;82320101215;
82419111205;82421111205;82913111205;83010001715;84121112525;84921112205;89001111725;15211002215"
"POLY_061","61","ООО ""Стормсервис""","9718114530","Московская область, р-н Ногинский, Ногинское
лесничество, Кудиновское участковое лесничество,
квартал 58, части выделов 6, 7, 15, 16, 20, 31, 32, 78,
кадастровый номер земельного участка: 50:16:0701025:210
и квартал 57, части выделов 11, 13, 15, 16, 17, 27, 28, 34, 36,
выделы 35, 39; квартал 58, части выделов 7, 15, 79,
кадастровый номер земельного участка: 50:16:0701025:211","55.721438 38.127711
55.721493 38.127909","Московская
область","8 (968) 761 58 00","gendir@stormservis.ru","15.117","81111111494;81112211394;81112311394;82913211624;81110001495;81111112495;81111221405;81112312395;81113111205;81220101205;
81910001495;81910003215;82110101215;82121111205;82151111405;82202112495;82210101215;82220101215;82230101215;82310101215;
82320101215;82419111205;82421111205;82451111205;82913111205;82924111405;83010001715;84121112525;84921112205;45110100205;
15211001215;15211002215;15411001215;40414000515;40419000515;45720102205;45911111515"
"POLY_062","62","ООО ""СтройМагПроект""","5001127023","Московская область, Богородский городской округ, г.
Старая Купавна, кадастровый номер земельного участка
50:16:0000000:75968","55.787082 38.190089","Московская
область","8 (968) 541-63-94","stroymagproect@mail.ru","148","82451111205;82220101215;15211002215;15211003235;81111221405;89000003214;84921112205;84220102494;84210102214;84121112525;
82924111405;82913111205;82421111205;82419111205;81112211394;81111112495;81110001495;82320101215;82310101215;82230101215;
82221111204;82210101215;82202112495;82151111405;82121111205;82110101215;81910003215;81910001495;81220101205;81210101724;
81113111205;81112312395;81112311394;15411001215;93110003394;15211001215;83010001715;81111111494"
"POLY_063","63","ООО ""СтройПроект""","9701104220","Московская область, Солнечногорский район, в районе
станции Поварово-II","56.076029 37.110255","Московская
область","8 (915) 239 51 16","stroyproject.2018@gmail.com","45","45720102205;45911099515;81220101205;82110101215;82121111205;82202112495;82210101215;82220101215;82230101215;82310101215;
82320101215;82421111205;83010001715;84121112525;82419111205;15211001215;15211002215;15211003235;15211004215;15411001215;
40419000515;49211121725;82913111205;84921112205;81110001495;81111112495;81113111205;81910001495"
"POLY_064","64","ООО ""СтройЭкоРазвитие""","7720498583","Московская область, Ногинский район, городское
поселение имени Воровского, пос. им. Вороского, на
против полигона ""Тимохово","55.750473 38.273379","Московская
область","8 (903) 173 27 47","ser.plg@list.ru","185","81111221405;81111112495;81110001495;81910001495;81113111205;82451111205;81112312395;82151111405;82220101215;82421111205;
82320101215;82230101215;82210101215;82110101215;81910003215;81220101205;84121112525;82419111205;83010001715;15211002215;
15211003235;84921112205;82913111205;15411001215;15211001215;15211004215"
"POLY_065","65","ООО ""Сэндсоил групп""","9728017503","Московская область, Раменский городской округ, г.
Раменское","55.511316 38.277564","Московская
область","8 (991) 635 09 06","ss.gr2020@mail.ru","180","15211001215;15411001215;81110001495;81111112495;81111221405;81112312395;81113111205;81220101205;81910001495;81910003215;
82110101215;82121111205;82151111405;82202112495;82210101215;82220101215;82230101215;82310101215;82320101215;82419111205;
82421111205;82451111205;82913111205;83010001715;84121112525;84921112205"
"POLY_066","66","ООО ""ТД Промресурс""","7702431427","Московская область, р-н Раменский, с/п Чулковское, с.
Еганово","55.539694 38.046244","Московская
область","8 (903) 715 79 10","tdpromress@gmail.com","111","15211001215;15211002215;15211003235;15211004215;15411001215;45841111525;45720102205;81110001495;81111112495;81111221405;
81112312395;81113111205;81220101205;81910001495;81910003215;82110101215;82121111205;82151111405;82202112495;82210101215;
82220101215;82230101215;82310101215;82320101215;82419111205;82421111205;82451111205;82913111205;84121112525;84921112205;
83010001715;81111111494;81111111494;81111531404;81111531404;93110003394;93110003394;93110001393;93110001393"
"POLY_067","67","ООО ""ТехноГрунтПроект""","5029244055","Московская область, Солнечногорский район","56.148063 36.925994","Московская
область","8 (499) 290 31 16","tehnogrunt@list.ru","43","15211002215;15211004215;15411001215;40419000515;81110001495;81111112495;81220101205;81910001495;82202112495;82210101215;
82220101215;82230101215;82310101215;82913111205;81111111494;81111531404;81112311394;81210101724;82221111204;82291111204;
82411002204;82913211624;83020001714;89000002494"
"POLY_068","68","ООО ""Технологии Инвестиций""","7723876586","140125, Московская обл., Раменский р-н, сельское
поселение Чулковское (земельный участок расположен в
центральной части кадастрового квартала, кадастровый
номер 50:23:0040332:136)","55.530396 38.081860","Московская
область","8 (963) 722 43 48","texnologyinvest@yandex.ru","53","15211001215;15211002215;15211003235;15211004215;15411001215;40414000515;40419000515;40419100225;40421111515;43411003515;
45110100205;45110200205;45711211605;45720102205;45911001515;45911011715;45911099515;45911111515;45912111515;81110001495;
81111112495;81111221405;81112312395;81113111205;81220101205;81910001495;81910003215;82110101215;82121111205;82202112495;
82210101215;82220101215;82230101215;82310101215;82320101215;82419111205;82421111205;82451111205;82913111205;82924111405;
83010001715;84121112525;84921112205;89001111725;45991111404;81111111494;81111531404;81112211394;81112311394;81210101724;
81290101724;81991111704;82221111204;82223111204;82233111204;82240101214;82291111204;82411001204;82411002204;82431121214;
82441111214;82490001294;82491111204;82621001514;82710001514;82913211624;82917111714;83020001714;84121111524;84210102214;
84220102494;88235111214;89000001724;89000002494;89000003214;93110001393;93110003394"
"POLY_069","69","ООО ""Технопарк""","5032308125","Московская область, р-н Рузский, д Крюково","55.643823 36.538069","Московская
область","8 (495) 223 11 03","tehnopark2022@mail.ru","124","40414000515;40419000515;45720102205;81110001495;81220101205;81910001495;81910003215;82110101215;82210101215;82220101215;
82230101215;82310101215;82320101215;83010001715;40421001514;81210101724;81290101724;82240101214;83020001714"
"POLY_070","70","ООО ""Тракнеруд""","5001151523","Московская область, Ленинский городской округ,
сельское поселение Молоковское, восточнее села
Молоково, уч. - 186ю.","55.562062 37.888994","Московская
область","8 (999) 971 30 21","kon_2212@mail.ru","169","81110001495;81111112495;81113111205;81112312395;82451111205;82220101215;82230101215;81220101205;82310101215;82421111205;
81910001495;81910003215;82110101215;83010001715;82320101215;82210101215;82202112495;82913111205;15211001215;40414000515;
81111221405;82121111205;82151111405;82419111205;84121112525;84921112205;81111111494;81111531404;81231121404;81112211394;
81112311394;82221111204;82240101214;82291111204;82411001204;82411002204;82490001294;82491111204;82913211624;84121111524;
81210101724;88235111214;89000002494;82917111714;45911111515;83020001714;81991111704;82213111204;82217111514;82431121214;
82441111214;82621001514;82622001514;82531511204;88511111614;82331111504"
"POLY_071","71","ООО ""ТК ""Транс Инвест""","9729292728","г.Москва, ул.Рябиновая","55.677528 37.437047","Москва","8 (499) 372 60 95","tktransinvest-group@mail.ru","104","82419111205;84210102214;40414000515;82331111504;81110001495;82221111204;82220101215;84121112525;15211001215;81231121404;
81111111494;81210101724;89000001724;15411001215;82110101215;84921112205;89001111725;82230101215;81111531404;81290101724;
82291111204;81113111205;82320101215;81991111704;82233111204;83010001715;82451111205;82202112495;81111112495;82217111514;
15211003235;82913111205;82915111624;81220101205;81910001495;82121111205;82310101215;82223111204;82913211624;15211002215;
83020001714;82210101215;81910003215;40419000515;82213111204;82240101214;81112312395"
"POLY_072","","ООО ""Триумф""","5007087962","Московская область, Дмитровский район, г/п Яхрома, д.
Филимоново земельные участки с кадастровыми
номерами 50:04:0230115:52 и 50:04:0230115:55","56.264091 37.233471","Московская
область","8 (495) 222 72 97","vdepstroi@mail.ru","115","81110001495;81111221405;81112312395;81220101205;81910001495;81910003215;82110101215;82121111205;82202112495;82210101215;
82220101215;82230101215;82310101215;82320101215;82419111205;82421111205;82451111205;82913111205;83010001715;84121112525;
81111112495;81113111205;40414000515;40419000515;40419100225;45711211605;45720102205;45911001515;45911011715;45911099515;
45911111515;46101001205;46120002215;43414101205;46120099205;45912111515;82924111405;84921112205;89001111725;15211001215;
15211002215;15211003235;15211004215;15411001215"
"POLY_073","73","ООО ""Транс-сервис""","5047141567","Московская область, Дмитровский район, Габовский с/о,
поселок совхоза ""Останкино""","56.050199 37.425783","Московская
область","8 (985) 155 81 18","buh@spectrans-arenda.ru","82","40419000515;45720102205;46101001205;81110001495;81220101205;81910001495;82110101215;82220101215;82230101215;82310101215;
82320101215;40421001514;81210101724;81991111704;82213111204;82217111514;82221111204;82223111204;82240101214;82291111204;
83020001714;84121111524"
"POLY_074","74","ООО «ТСН-Групп»","5003142450","Московская область, г.о. Мытищи, с/п Федоскинское, д.
Протасово","56.12507 37.6042745","Московская
область","8(903) 510 93 30","tsn-group2020@mail.ru","133","81110001495;81111112495;81910001495;81112312395"
"POLY_075","75","ООО ""Тэка-Сервис""","7705227349","Московская область, Одинцовский район, в 600 м от
деревни Пронское, южная часть кадастрового квартала
50:20:0090218 (кадастровый номер земельного участка
50:20:0090218:440)","55.643249 36.715328","Московская
область","8 (495) 992 14 18","9921418@mail.ru","4","81110001495;82210101215;82220101215;81220101205;81910001495;81910003215;82110101215;82310101215;82320101215;45911001515;
45911099515;82110101215;82230101215;83010001715;45720102205;40414000515;40419000515;40419100225;40414000515;40419000515;
40421001514;40422001514;40423001514;40424001514;40429099514;81210101724;81290101724;82240101214;83020001714"
"POLY_076","76","ООО ""Центр масс""","5044137876","Московская обл., Солнечногорский р-он, ЗАО
«Агроплеменная фирма «Искра», кадастровый номер:
50:09:0020718:182","56.059113 37.13208
56.059219 37.132225","Московская
область","8 (985) 776 45 44","xcenter.mass@gmail.com","150, 152","15211001215;15211002215;15211004215;81110001495;81111112495;81111221405;81112312395;81220101205;81910001495;81910003215;
82151111405;82202112495;82210101215;82220101215;82230101215;82310101215;82421111205;82913111205;83010001715;40422001514;
40423001514;81111111494;81111531404;81112211394;81112311394;81210101724;82221111204;82223111204;82233111204;82240101214;
82291111204;82411002204;82913211624;83020001714;84210102214;84220102494;89000002494;93110003394"
"POLY_077","77","ООО «Центр-Строй»","5024051483","город Москва, вн.тер.г. муниципальный округ
Краснопахорский, квартал 171, земельный участок 7","55.448099 37.292266","Москва","8(966) 150 20 00","centrstroy02@mail.ru","184","43411003515;40419100225;84921112205;43419199205;45142121615;81111112495;43612001205;82220101215;43417101205;48230201525;
45911099515;43419901205;45720102205;43411002295;45110100205;43414201515;82310101215;81910003215;82121111205;43499133725;
43411004515;43412002295;82151111405;45110200205;45911111515;82419111205;81111221405;43415101515;45620001295;82210101215;
43414101205;43499121725;45911011715;83010001715;15211004215;82320101215;40419000515;45711211605;82202112495;89001111725;
43425001295;43416101515;43414103515;82230101215;82913111205;43411001205;43412004515;82110101215;40421111515;43419101205;
15211003235;45912111515;15211001215;40414000515;45911001515;81110001495;15411001215;43414102515;43412003515;43419972505;
81910001495;82421111205;15211002215;81113111205;84121112525;81220101205;82451111205;43419902205"
"POLY_078","78","ООО ""Чистый путь""","9721214862","Московская область, городской округ Солнечногорск,
территория Солнечное-Заовражье, земельный участок 2","56.282185 37.095631","Московская
область","8 (936) 144 17 99","atk_chistiy@mail.ru","168","81110001495;81111112495;81111221405;81112312395;81113111205;81220101205;81910001495;81910003215;82110101215;82121111205;
82151111405;82202112495;82210101215;82220101215;82230101215;82310101215;82320101215;82419111205;82421111205;82451111205;
82913111205;83010001715;84121112525;89001111725;81111111494;81111531404;81112211394;81112311394;82221111204;82240101214;
82291111204;82411001204;82411002204;82490001294;82491111204;82913211624;83020001714;84121111524;88235111214;89000002494;
81290101724;81991111704;89000001724;81210101724;82621001514;15211001215;15211002215;15411001215;84220102494;89000003214;
43411003515;40419000515"
"POLY_079","79","ООО ""Экоаудит""","7811603997","Московская область, Дмитровский район, г/пос Икша, с.
Белый Раст","56.125726 37.430999","Московская
область","8 (919) 969 01 01","director@ecoaudit24.ru","136","15211001215;15211002215;15211004215;15411001215;81110001495;81111112495;81112312395;81220101205;81910001495;81910003215;
82110101215;82121111205;82202112495;82210101215;82220101215;82310101215;82320101215;82230101215;82419111205;82451111205;
82913111205;83010001715;84921112205"
"POLY_080","80","ООО ""Экоградсервис""","5020070118","Московская область, Истринский район, с/п Костровское,
карьер вблизи деревни Петрово","55.850208 36.576782","Московская
область","8 (964) 500 55 04","ekogradservis@bk.ru","6","81110001495;81111112495;81111221405;81113111205;81112312395;81910001495"
"POLY_081","81","ООО ""Экогород""","9718147119","Московская область, Сергиево-Посадский городской
округ, в районе деревни Мехово","56.439891 38.051569","Московская
область","8 (968) 846 22 61","director@ekogorodok.ru","89, 186","81110001495;81111112495;81111221405;81112312395;81113111205;81220101205;81910001495;81910003215;82110101215;82121111205;
82151111405;82202112495;82210101215;82220101215;82230101215;82310101215;82320101215;82419111205;82421111205;82451111205;
82913111205;82924111405;83010001715;84121112525;84921112205;45110100205;15211001215;15211002215;15411001215;40414000515;
40419000515;45720102205;45911111515;15211003235;15211004215;43411003515;43414101205;45711211605;46101001205;45911099515;
46110001515;46120001515;48230201525;49211121725;89001111725;40421001514;40422001514;40423001514;40424001514;40429099514;
40521111604;40529002294;40529121524;40581191604;40592353624;40592511524;43113001524;43419971524;43510001204;43510003514;
46811202514;49211181524;81111111494;81112311394;81112211394;81210101724;81290101724;81991111704;82213111204;82217111514;
82221111204;82240101214;82291111204;82331111504;82411001204;82411002204;82441111214;82490001294;82491111204;82614131714;
82621001514;82622001514;82631011204;82632111204;82634111204;82710001514;82731111504;82799001724;82913211624;82915111624;
82917111714;83020001714;84111111514;89000002494;89111002524;89111111524;89112001524;89201101604;89211002604;84121111524;
89000001724;43412101514;43417111514;43411001205;43411002295;43412002295;43412003515;43414102515;43414103515"
"POLY_082","82","ООО ""Экологистик""","5074065900","Московская область, Подольский район, с/пос.
Дубровицкое, вблизи деревни «Наумово»","55.416314 37.442069","Московская
область","(925) 266 48 98","OSSIG77@yandex.ru","162","81110001495;81111112495;81112312395;81113111205;81910001495"
"POLY_083","83","ООО ""Экологический рециклинг""","7714446273","Московская область, городской округ Балашиха,
микрорайон Железнодорожный, д. Дятловка, владение 57а","55.720459 38.095936","Московская
область","8 (968) 835 24 94","info@oooecocycle.ru","37","15211001215;15211002215;15211003235;15211004215;15411001215;40419000515;43411003515;43414101205;45110100205;45142121615;
45711211605;45720102205;45911099515;45911111515;46101001205;46101002205;46110002215;46110003295;46110099205;46120001515;
46120002215;46120003295;46120099205;46210001205;46213001515;46213002215;46213099205;46214001515;46214099205;46220001515;
46220002515;46220003215;46220004295;46220005515;46220006205;46220501205;46230001515;46230002215;48230201525;48230301525;
81110001495;81111112495;81111221405;81112312395;81113111205;81220101205;81910001495;81910003215;82110101215;82121111205;
82151111405;82202112495;82210101215;82220101215;82230101215;82310101215;82320101215;82421111205;82451111205;82913111205;
83010001715;84121112525;89001111725;93110003394;82621001514;89003121724;89000003214;89000002494;81111531404;81112311394;
81112211394;81111111494;45751111204;82213111204;82431121214;82240101214;82411001204;82291111204;82233111204;82223111204;
82221111204;82217111514;81991111704;81210101724;82917111714;45712211614;45711901204;45711201204;45711101204;45551099514;
45551001514;40421001514;40422001514;82913211624;82799001724;82731111504;82710001514;82631011204;82622001514;84210102214;
84121111524;83020001714;82491111204;82490001294;82411002204;46102111204;46102211204;88512211724;88512311504"
"POLY_084","84","ООО ""Эколпроф""","5027303273","Московская область, Богородский городской округ,
территория Карьерная, земельный участок 1, земельный
участок с кадастровым номером 50:16:0000000:76268","55.788702 38.211628","Московская
область","8 (903) 204 10 49","info@ecolprof.ru","146","84220101493;93110001393;82611111203;82611131713;82614311313;84100001513;89211001603;89321111423;46201101203;46201102203;
46201104203;45551001514;45551099514;82213111204;82217111514;82221111204;82223111204;82233111204;82240101214;82291111204;
82331111504;82411002204;83020001714;84121111524;84210102214;89000002494;81111111494;84220102494;81111531404;89000003214;
93110003394;81112211394;81112311394;40521111604;40529002294;40529121524;40581191604;40592353624;40592511524;43113001524;
45711101204;45712111614;49211181524;81290101724;81991111704;82411001204;82490001294;82491111204;82614131714;82621001514;
82915111624;82917111714;89000001724;89003121724;89111002524;89111111524;89112001524;89201101604;89211002604;43419971524;
43510003514;82631011204;82710001514;82731111504;82799001724;40421001514;40422001514;40424001514;40429099514;81210101724;
82913211624;84111111514;46101003204;46102211204;46811202514;45711201204;45711901204;45712211614;45712312614;45751111204;
45720102205;45911099515;81220101205;82110101215;82121111205;82202112495;82210101215;82220101215;82230101215;82310101215;
82320101215;82421111205;83010001715;84121112525;81110001495;81111112495;81111221405;81113111205;81910001495;81910003215;
82451111205;81112312395;43414101205;48230201525;82419111205;89001111725;43411003515;15211001215;15211002215;15211003235;
15211004215;15411001215;40419000515;49211121725;82913111205;84921112205;46101001205;46110001515;46120001515;45110100205;
45711211605;82151111405"
"POLY_085","85","ООО ""Эко-Мир""","7707447237","Московская область, Дмитровский район, с/пос.
Синьковское, д. Космынка, д. 70","56.28829 37.181347","Московская
область","8 (925) 105 09 25","ai@dsk.msk.ru","70","15211001215;15211002215;15211004215;40419000515;45720102205;81110001495;81111112495;81111221405;81112312395;81113111205;
81220101205;81910003215;82110101215;82220101215;82230101215;82310101215;82451111205;83010001715;84121112525;84921112205;
82913211624;81111111494;81112311394;82221111204;82240101214;82291111204;81210101724;84121111524;81112211394"
"POLY_086","","ООО ""Экостар""","7720499234","Московская область, г.о. Чехов, с.п. Стремиловское, в
районе д. Кулаково","55.102162 37.450495","Московская
область","8 (925) 866 84 66","v.a.puhov@inbox.ru","102","15211001215;15211002215;15211003235;15211004215;15411001215;40419000515;43411003515;43414101205;45110100205;45142121615;
45711211605;45720102205;45911099515;45911111515;46101001205;46101002205;46110002215;46110003295;46110099205;46120001515;
46120002215;46120003295;46120099205;46210001205;46213001515;46213002215;46213099205;46214001515;46214099205;46220001515;
46220002515;46220003215;46220004295;46220005515;46220006205;46220501205;46230001515;46230002215;48230201525;48230301525;
81110001495;81111112495;81111221405;81112312395;81113111205;81220101205;81910001495;81910003215;82110101215;82121111205;
82151111405;82202112495;82210101215;82220101215;82230101215;82310101215;82320101215;82421111205;82451111205;82913111205;
83010001715;84121112525;84121111524;84220102494;82223111204;40422001514;81991111704;81112211394;82411002204;45991111404;
45551099514;82621001514;40429099514;46201192204;82913211624;84220101493;45551001514;49211111724;45592111604;89000003214;
40490511514;82221111204;40424001514;82915111624;82331111504;84210101213;89000002494;89003121724;82731111504;82291111204;
40490111614;82634111204;81210101724;82217111514;81111111494;82917111714;93110001393;81112311394;40423001514;84210102214;
82431121214;81111531404;82233111204;83020001714;49211181524;82240101214;82411001204;40421001514;82632111204;46810135514;
93110003394"
"POLY_087","87","ООО ""Экопереработка""","5075040088","Московская область, Рузский городской округ, д. Паново","55.686151 36.419908","Московская
область","8 (964) 646 26 20","eco-processing@list.ru","155","81111111494;81111531404;81210101724;81991111704;82217111514;82221111204;82240101214;82291111204;82331111504;82411001204;
82490001294;83020001714;89000002494;83010001715;82913111205;82419111205;82320101215;82310101215;82220101215;82210101215;
82202112495;82121111205;82110101215;81910001495;81220101205;81113111205;81112312395;81111221405;81111112495;81110001495;
45720102205;45911111515"
"POLY_088","88","ООО ""Экосистема-2000""","7718991872","город Москва, вн. тер.г. поселение Московский, квартал
74, земельный участок 3","55.616058 37.429259","Москва","8 (926) 552 22 76","ikosistema-2000@mail.ru","47","15211001215;15211002215;15211003235;15211004215;15411001215;40414000515;40419000515;40419100225;40421111515;43411001205;
43411002295;43411003515;43411004515;43412002295;43412003515;43412004515;43414101205;43414201515;43414103515;43414102515;
43416101515;43417101205;43419101205;43419199205;43419901205;43419902205;43419972505;43425001295;43499121725;43499133725;
43612001205;45110100205;45110200205;45142121615;45620001295;45720102205;45711211605;45911001515;45911011715;45911099515;
45911111515;45912111515;48230201525;81110001495;81111112495;81111221405;81113111205;81220101205;81910001495;81910003215;
82110101215;82121111205;82151111405;82202112495;82210101215;82220101215;82230101215;82310101215;82320101215;82419111205;
82421111205;82451111205;82913111205;83010001715;84121112525;84921112205;89001111725"
"POLY_089","89","ООО ""ЭкоСтайл""","9721190964","Московская обл.,р-н Ленинский, с/п Молоковское, в
районе д.Андреевское,кадастровый номер:
50:21:0060204:454","55.546409 37.911628","Московская
область","8(968) 068 65 73","ecostylezakaz@gmail.com","173","81210101724;83020001714;84111111514;84121111524;81220101205;82310101215;81910003215;82110101215;83010001715;82213111204;
82217111514;82221111204;82240101214;82291111204;82331111504;82913211624;82915111624;45720102205;84121112525;82210101215;
82913111205;82220101215;82230101215;82320101215;15211001215;82431121214;15211002215;82202112495;15211003235;15211004215;
15411001215;40414000515;40414111524;40419000515;40421001514;40422001514;40423001514;40424001514;40429099514;45720101204;
45911099515;81110001495;81111112495;81290101724;81991111704;82121111205;82411001204;82411002204;82419111205;82421111205;
82441111214;82731111504;82917111714;84100001513;84921112205;89000001724;89001111725"
"POLY_090","90","ООО ""ЭкоСтрой XXI""","9704054425","Московская область, Дмитровский городской округ, с.
Озерецкое","56.063414 37.412413","Московская
область","8 (964) 641 01 56","ecostroi21@mail.ru","161","15211001215;15411001215;40414000515;40419000515;81110001495;81111112495;81111221405;81112312395;81113111205;81220101205;
81910001495;81910003215;82110101215;82121111205;82151111405;82202112495;82210101215;82220101215;82230101215;82310101215;
82320101215;82419111205;82421111205;82451111205;82913111205;83010001715;84121112525;84921112205;15211004215;45720102205;
15211003235;15211002215"
"POLY_091","91","ООО ""Экотехнолоджи""","5074069944","Московская область, городской округ Чехов, СП
Стремиловское, в районе д. Кулаково","55.096145 37.444715","Московская
область","8 (903) 120 31 14","ekotehnolodgi@yandex.ru","143","81110001495;81111112495;81111111494;81111221405;81111531404;81112211394;81112311394;81112312395;81113111205;81210101724;
81220101205;81231121404;81910001495;81910003215;82110101215;82121111205;82151111405;82202112495;82210101215;82213111204;
82217111514;82220101215;82221111204;82230101215;82240101214;82291111204;82310101215;82320101215;82331111504;82411002204;
82421111205;82431121214;82451111205;82531511204;82631011204;82710001514;82731111504;82742311714;82913111205;82913211624;
82915111624;82924111405;83010001715;83020001714;84111111514;84121111524;84121112525;84921112205;88235111214;89000002494"
"POLY_092","92","ООО ""Эко Холдинг""","7728313298","Московская область, Наро-Фоминский район, с/п
Волченковское","55.322849 36.320853","Московская
область","8 (495) 941 64 27","7106245@mail.ru","114","15211001215;15211002215;15211003235;15211004215;40419000515;81110001495;81111112495;81112312395;81113111205;81910001495;
82913111205;84121112525;84921112205;82210101215;82220101215;82230101215;82421111205"
"POLY_093","93","ООО ""Эко Холдинг""","5074036642","г.Москва, поселение Мосрентген, вблизи д. Дудкино,
77:17:0120203:3, площадью 10000 кв. м","55.621059 37.459809","Москва","8 (495) 660 19 02","Ekoholding1@gmail.com","109","15211001215;15211002215;15211003235;15211004215;15411001215;40414000515;40419000515;40419100225;40421111515;43411001205;
43411002295;43411003515;43411004515;43412002295;43412003515;43412004515;43414101205;43414103515;43414201515;43415101515;
43416101515;43417101205;43418101515;43418102295;43419101205;43419199205;43419901205;43419902205;43419972505;43425001295;
43425002295;43499121725;43499133725;43611001205;43612001205;45110100205;45110200205;45142121615;45610001515;45620001295;
45621521525;45631131615;45711211605;45720102205;45841111525;45911001515;45911011715;45911099515;45911111515;45912111515;
45913131525;48230201525;81110001495;81111112495;81111221405;81112312395;81910001495;81910003215;82110101215;82121111205;
82151111405;82202112495;82210101215;82220101215;82230101215;82310101215;82320101215;82419111205;82421111205;82451111205;
82913111205;82924111405;83010001715;84121112525;84921112205;89001111725"
"POLY_094","94","ООО ""Элит-Групп""","9721048069","Московская область, городской округ Дзержинский, город
Дзержинский, Южный проезд, земельный участок 2 с
кадастровым номером 50:64:0020206:117","55.614271 37.865975","Московская
область","8 (930) 307 33 27","by4660088@mail.ru","159","15211002215;15211004215;15411001215;40419000515;81110001495;81111112495;81220101205;81910001495;82202112495;82210101215;
82220101215;82230101215;82310101215;82913111205;81111221405;82121111205;82151111405;82419111205;84121112525;81112312395;
82451111205;82110101215;45720102205;15211001215;83010001715;84921112205;81113111205;81910003215"
"POLY_095","95","ООО ""Энергетика и Технология""","5027034630","Московская область, г.Люберцы, д.Торбеево, вл.1","55.693674 38.044433
55.693027 38.042664","Московская
область","8 (495) 258 85 21","Info@enit-ltd.ru","9, 130","81210101724;81290101724;81991111704;83020001714;81111111494;82622001514;82621001514;82213111204;82217111514;82221111204;
82223111204;82233111204;82240101214;82291111204;82331111504;82411001204;82411002204;82441111214;82490001294;82491111204;
82631011204;82632111204;82634111204;82710001514;82731111504;82799001724;82913211624;82917111714;84210102214;89000001724;
89000003214;89111002524;89112001524;45551001514;45551002514;45551099514;43510002294;43510003514;43510001204;15211001215;
15211003235;15211002215;15211004215;15411001215;45720102205;45911001515;45911011715;45911099515;45911111515;45912111515;
45913131525;46101001205;46101002205;46110001515;46110002215;46110003295;46110099205;46120001515;46120002215;46120003295;
46120099205;46213099205;46213001515;46210001205;46213002215;46214001515;46214002215;46220001515;46220002515;46220003215;
46220004295;46220005515;46220006205;46230001515;46230002215;81111112495;81110001495;81111221405;81112312395;81113111205;
81220101205;81910001495;81910003215;82110101215;82121111205;82151111405;82202112495;82210101215;82220101215;82230101215;
82419111205;82421111205;82451111205;82913111205;82924111405;84121112525;43411001205;43411002295;43411003515;43411004515;
43417101205;43419101205;43419199205;43419901205;43419902205;43412002295;43412003515;43412004515;43414102515;43414103515;
43414201515;43418101515;43418102295;43415101515;43416101515;40419000515;82310101215;82320101215;45110100205;83010001715;
84921112205;89001111725;45711211605"